mpg_city,mpg_state,mpg_content,mpg_parent,mpg_title,mpg_meta_description,mpg_city_state_slug,mpg_service_1,mpg_service_1_slug,mpg_service_2,mpg_service_2_slug,mpg_service_3,mpg_service_3_slug,mpg_service_4,mpg_service_4_slug,mpg_service_5,mpg_service_5_slug,mpg_service_6,mpg_service_6_slug,mpg_service_7,mpg_service_7_slug,mpg_service_8,mpg_service_8_slug,mpg_service_9,mpg_service_9_slug,mpg_service_10,mpg_service_10_slug,mpg_service_11,mpg_service_11_slug
Abington,PA,"Top HVAC services in Abington, PA from Dowd HVAC. Reliable solutions for all your heating and cooling needs.,service-area,HVAC Services in Abington, PA",service-areas,"HVAC Services in Abington, PA | Dowd HVAC","Dowd HVAC,Comprehensive HVAC services in Abington, PA by Dowd HVAC",abington-pa,AC Installation,ac-installation,AC Maintenance,ac-maintenance,AC Repair,ac-repair,Commercial HVAC Installation,commercial-hvac-installation,Commercial HVAC Repair,commercial-hvac-repair,Commercial HVAC Replacement,commercial-hvac-replacement,Heating Installation,heating-installation,Heating Maintenance,heating-maintenance,Heating Repair,heating-repair,Heating Replacement,heating-replacement,HVAC Repair,hvac-repair
Bensalem,PA,"Top HVAC services in Bensalem, PA from Dowd HVAC. Reliable solutions for all your heating and cooling needs.,service-area,HVAC Services in Bensalem, PA",service-areas,"HVAC Services in Bensalem, PA | Dowd HVAC","Dowd HVAC,Comprehensive HVAC services in Bensalem, PA by Dowd HVAC",bensalem-pa,AC Installation,ac-installation,AC Maintenance,ac-maintenance,AC Repair,ac-repair,Commercial HVAC Installation,commercial-hvac-installation,Commercial HVAC Repair,commercial-hvac-repair,Commercial HVAC Replacement,commercial-hvac-replacement,Heating Installation,heating-installation,Heating Maintenance,heating-maintenance,Heating Repair,heating-repair,Heating Replacement,heating-replacement,HVAC Repair,hvac-repair
Bryn Athyn,PA,"Top HVAC services in Bryn Athyn, PA from Dowd HVAC. Reliable solutions for all your heating and cooling needs.,service-area,HVAC Services in Bryn Athyn, PA",service-areas,"HVAC Services in Bryn Athyn, PA | Dowd HVAC","Dowd HVAC,Comprehensive HVAC services in Bryn Athyn, PA by Dowd HVAC",bryn-athyn-pa,AC Installation,ac-installation,AC Maintenance,ac-maintenance,AC Repair,ac-repair,Commercial HVAC Installation,commercial-hvac-installation,Commercial HVAC Repair,commercial-hvac-repair,Commercial HVAC Replacement,commercial-hvac-replacement,Heating Installation,heating-installation,Heating Maintenance,heating-maintenance,Heating Repair,heating-repair,Heating Replacement,heating-replacement,HVAC Repair,hvac-repair
Churchville,PA,"Top HVAC services in Churchville, PA from Dowd HVAC. Reliable solutions for all your heating and cooling needs.,service-area,HVAC Services in Churchville, PA",service-areas,"HVAC Services in Churchville, PA | Dowd HVAC","Dowd HVAC,Comprehensive HVAC services in Churchville, PA by Dowd HVAC",chruchville-pa,AC Installation,ac-installation,AC Maintenance,ac-maintenance,AC Repair,ac-repair,Commercial HVAC Installation,commercial-hvac-installation,Commercial HVAC Repair,commercial-hvac-repair,Commercial HVAC Replacement,commercial-hvac-replacement,Heating Installation,heating-installation,Heating Maintenance,heating-maintenance,Heating Repair,heating-repair,Heating Replacement,heating-replacement,HVAC Repair,hvac-repair
Hatboro,PA,"Top HVAC services in Hatboro, PA from Dowd HVAC. Reliable solutions for all your heating and cooling needs.,service-area,HVAC Services in Hatboro, PA",service-areas,"HVAC Services in Hatboro, PA | Dowd HVAC","Dowd HVAC,Comprehensive HVAC services in Hatboro, PA by Dowd HVAC",hatboro-pa,AC Installation,ac-installation,AC Maintenance,ac-maintenance,AC Repair,ac-repair,Commercial HVAC Installation,commercial-hvac-installation,Commercial HVAC Repair,commercial-hvac-repair,Commercial HVAC Replacement,commercial-hvac-replacement,Heating Installation,heating-installation,Heating Maintenance,heating-maintenance,Heating Repair,heating-repair,Heating Replacement,heating-replacement,HVAC Repair,hvac-repair
Langhorne,PA,"Top HVAC services in Langhorne, PA from Dowd HVAC. Reliable solutions for all your heating and cooling needs.,service-area,HVAC Services in Langhorne, PA",service-areas,"HVAC Services in Langhorne, PA | Dowd HVAC","Dowd HVAC,Comprehensive HVAC services in Langhorne, PA by Dowd HVAC",langhorne-pa,AC Installation,ac-installation,AC Maintenance,ac-maintenance,AC Repair,ac-repair,Commercial HVAC Installation,commercial-hvac-installation,Commercial HVAC Repair,commercial-hvac-repair,Commercial HVAC Replacement,commercial-hvac-replacement,Heating Installation,heating-installation,Heating Maintenance,heating-maintenance,Heating Repair,heating-repair,Heating Replacement,heating-replacement,HVAC Repair,hvac-repair
Levittown,PA,"Top HVAC services in Levittown, PA from Dowd HVAC. Reliable solutions for all your heating and cooling needs.,service-area,HVAC Services in Levittown, PA",service-areas,"HVAC Services in Levittown, PA | Dowd HVAC","Dowd HVAC,Comprehensive HVAC services in Levittown, PA by Dowd HVAC",levittown-pa,AC Installation,ac-installation,AC Maintenance,ac-maintenance,AC Repair,ac-repair,Commercial HVAC Installation,commercial-hvac-installation,Commercial HVAC Repair,commercial-hvac-repair,Commercial HVAC Replacement,commercial-hvac-replacement,Heating Installation,heating-installation,Heating Maintenance,heating-maintenance,Heating Repair,heating-repair,Heating Replacement,heating-replacement,HVAC Repair,hvac-repair
Morrisville,PA,"Top HVAC services in Morrisville, PA from Dowd HVAC. Reliable solutions for all your heating and cooling needs.,service-area,HVAC Services in Morrisville, PA",service-areas,"HVAC Services in Morrisville, PA | Dowd HVAC","Dowd HVAC,Comprehensive HVAC services in Morrisville, PA by Dowd HVAC",morrisville-pa,AC Installation,ac-installation,AC Maintenance,ac-maintenance,AC Repair,ac-repair,Commercial HVAC Installation,commercial-hvac-installation,Commercial HVAC Repair,commercial-hvac-repair,Commercial HVAC Replacement,commercial-hvac-replacement,Heating Installation,heating-installation,Heating Maintenance,heating-maintenance,Heating Repair,heating-repair,Heating Replacement,heating-replacement,HVAC Repair,hvac-repair
Newtown,PA,"Top HVAC services in Newton, PA from Dowd HVAC. Reliable solutions for all your heating and cooling needs.,service-area,HVAC Services in Newton, PA",service-areas,"HVAC Services in Newton, PA | Dowd HVAC","Dowd HVAC,Comprehensive HVAC services in Newton, PA by Dowd HVAC",newton-pa,AC Installation,ac-installation,AC Maintenance,ac-maintenance,AC Repair,ac-repair,Commercial HVAC Installation,commercial-hvac-installation,Commercial HVAC Repair,commercial-hvac-repair,Commercial HVAC Replacement,commercial-hvac-replacement,Heating Installation,heating-installation,Heating Maintenance,heating-maintenance,Heating Repair,heating-repair,Heating Replacement,heating-replacement,HVAC Repair,hvac-repair
Philadelphia,PA,"Top HVAC services in Philadelphia, PA from Dowd HVAC. Reliable solutions for all your heating and cooling needs.,service-area,HVAC Services in Philadelphia, PA",service-areas,"HVAC Services in Philadelphia, PA | Dowd HVAC","Dowd HVAC,Comprehensive HVAC services in Philadelphia, PA by Dowd HVAC",philadelphia-pa,AC Installation,ac-installation,AC Maintenance,ac-maintenance,AC Repair,ac-repair,Commercial HVAC Installation,commercial-hvac-installation,Commercial HVAC Repair,commercial-hvac-repair,Commercial HVAC Replacement,commercial-hvac-replacement,Heating Installation,heating-installation,Heating Maintenance,heating-maintenance,Heating Repair,heating-repair,Heating Replacement,heating-replacement,HVAC Repair,hvac-repair
Yardley,PA,"Top HVAC services in Yardley, PA from Dowd HVAC. Reliable solutions for all your heating and cooling needs.,service-area,HVAC Services in Yardley, PA",service-areas,"HVAC Services in Yardley, PA | Dowd HVAC","Dowd HVAC,Comprehensive HVAC services in Yardley, PA by Dowd HVAC",yardley-pa,AC Installation,ac-installation,AC Maintenance,ac-maintenance,AC Repair,ac-repair,Commercial HVAC Installation,commercial-hvac-installation,Commercial HVAC Repair,commercial-hvac-repair,Commercial HVAC Replacement,commercial-hvac-replacement,Heating Installation,heating-installation,Heating Maintenance,heating-maintenance,Heating Repair,heating-repair,Heating Replacement,heating-replacement,HVAC Repair,hvac-repair
